﻿Designator,Footprint,Quantity,Value,LCSC Part #
BT1,BAT_2895,1,CR1220,
"C1, C2, C6",0805,3,10uF,
"C10, C11, C12, C13, C14, C15, C16, C22, C23, C24, C25, C26, C28, C3, C30, C31, C32, C33, C5, C7, C8, C9",0402,22,100nF,
"C17, C18, C19, C4",0402,4,4.7uF,
"C20, C21",0402,2,15pF,
"C27, C29",0603,2,1uF,
D1,0603,1,LED,
"D2, D3, D4, D5",LED_D3.0mm,4,REDDOT,
"DS1, DS10, DS11, DS12, DS13, DS14, DS15, DS16, DS17, DS18, DS19, DS2, DS3, DS4, DS5, DS6, DS7, DS8, DS9",SC10-21SURKWA,19,SC10-21SURKWA,
J1,USB_C_Receptacle_G-Switch_GT-USB-7010ASV,1,USB_C_Receptacle_USB2.0_14P,
J3,MMCX_Molex_73415-1471_Vertical,1,ANT,
L1,L_pol_2016,1,3.3uH,
"Q1, Q2",LED_PLCC-2_3.4x3.0mm_KA,2,SFH320,
"Q10, Q11, Q12, Q13, Q14, Q15, Q16, Q4, Q5, Q6, Q7, Q8, Q9",SOT-23,13,BSS138,
Q3,SOT-23,1,BSS83P,
"R1, R2",0402,2,5.1K,
"R10, R7, R8, R9",0402,4,100R,
"R11, R12, R13, R14, R15, R16, R17, R21, R6",0402,9,1K,
R18,0402,1,0R,
"R19, R20",0402,2,10K,
R22,0402,1,1M,
"R23, R26, R27, R28, R29, R30, R31, R34, R35, R36, R37, R38, R39, R40",0402,14,100K,
"R24, R25",0402,2,4.7K,
R3,0402,1,33,
"R32, R33, R41, R42, R43, R44, R45, R46, R47, R48, R49, R50, R51, R52, R53, R54",0402,16,47R,
"R4, R5",0402,2,27,
"R55, R56",0402,2,120R,
SW1,SW_SPST_PTS647_Sx38,1,BOOTSEL,
SW2,SW_SPST_PTS647_Sx38,1,RESET,
"SW3, SW4",SW_SPST_PTS647_Sx38,2,BUTTON,
TP1,TestPoint_Pad_2.0x2.0mm,1,TestPoint,
U1,SOT-223-3_TabPin2,1,NCP1117-3.3_SOT223,
"U10, U7",SOIC-16_3.9x9.9mm_P1.27mm,2,CD74HCT238M96,
U2,SOT-666,1,USBLC6-2P6,
U3,SOIC-8_5.3x5.3mm_P1.27mm,1,W25Q128JVS,
U4,RP2350-QFN-80-1EP_10x10_P0.4mm_EP3.4x3.4mm_ThermalVias,1,RP2350_80QFN,
U5,PA1616S,1,PA1616S,
U6,SOIC-8_3.9x4.9mm_P1.27mm,1,DS3232M,
"U8, U9",SOIC-20W_7.5x12.8mm_P1.27mm,2,SN74ABT244ADW,
Y1,Crystal_SMD_3225-4Pin_3.2x2.5mm,1,ABM8-272-T3,
